{
  "trade_size": {
    "aggregate": {
      "p10": 1,
      "p25": 4,
      "p50": 20,
      "p75": 50,
      "p90": 100,
      "p99": 448,
      "mean": 51.53253714281682,
      "count": 1417165,
      "min": 1,
      "max": 910000
    },
    "by_symbol": {
      "AAPL": {
        "p10": 1,
        "p25": 5,
        "p50": 20,
        "p75": 64,
        "p90": 100,
        "p99": 499,
        "mean": 54.42966482583104,
        "count": 319058,
        "min": 1,
        "max": 500000
      },
      "DE": {
        "p10": 1,
        "p25": 2,
        "p50": 6,
        "p75": 24,
        "p90": 40,
        "p99": 156,
        "mean": 21.689852781345717,
        "count": 30363,
        "min": 1,
        "max": 66541
      },
      "EBAY": {
        "p10": 1,
        "p25": 5,
        "p50": 21,
        "p75": 99,
        "p90": 100,
        "p99": 300,
        "mean": 49.25490156890177,
        "count": 50035,
        "min": 1,
        "max": 15376
      },
      "GILD": {
        "p10": 1,
        "p25": 4,
        "p50": 20,
        "p75": 67,
        "p90": 100,
        "p99": 300,
        "mean": 45.75813730196832,
        "count": 52075,
        "min": 1,
        "max": 16000
      },
      "HAS": {
        "p10": 1,
        "p25": 3,
        "p50": 13,
        "p75": 50,
        "p90": 100,
        "p99": 323,
        "mean": 42.18711368437524,
        "count": 25562,
        "min": 1,
        "max": 25000
      },
      "JPM": {
        "p10": 1,
        "p25": 4,
        "p50": 18,
        "p75": 40,
        "p90": 80,
        "p99": 280,
        "mean": 36.7564598667548,
        "count": 134639,
        "min": 1,
        "max": 54550
      },
      "MSFT": {
        "p10": 1,
        "p25": 2,
        "p50": 12,
        "p75": 40,
        "p90": 88,
        "p99": 324,
        "mean": 40.291616865007185,
        "count": 461832,
        "min": 1,
        "max": 600000
      },
      "RF": {
        "p10": 2,
        "p25": 9,
        "p50": 98,
        "p75": 100,
        "p90": 300,
        "p99": 1550,
        "mean": 154.2993399792397,
        "count": 51059,
        "min": 1,
        "max": 75000
      },
      "TGT": {
        "p10": 1,
        "p25": 3,
        "p50": 12,
        "p75": 50,
        "p90": 100,
        "p99": 300,
        "mean": 40.803808513928466,
        "count": 45267,
        "min": 1,
        "max": 25000
      },
      "XOM": {
        "p10": 1,
        "p25": 6,
        "p50": 23,
        "p75": 97,
        "p90": 100,
        "p99": 450,
        "mean": 63.885799211404304,
        "count": 247275,
        "min": 1,
        "max": 910000
      }
    }
  },
  "spread": {
    "unit": "ticks (assumes $0.01 equity tick size -- see EQUITY_TICK_SIZE)",
    "aggregate": {
      "p10": 1.0000000000001563,
      "p25": 1.999999999998181,
      "p50": 3.0000000000001137,
      "p75": 4.000000000002046,
      "p90": 6.999999999999318,
      "p99": 21.000000000000796,
      "mean": 4.063953228036392,
      "count": 2166255,
      "min": 0.9999999999990905,
      "max": 177.99999999999727
    },
    "by_symbol": {
      "AAPL": {
        "p10": 1.999999999998181,
        "p25": 2.000000000001023,
        "p50": 3.0000000000001137,
        "p75": 3.000000000002956,
        "p90": 3.999999999999204,
        "p99": 4.9999999999954525,
        "mean": 2.752759183501352,
        "count": 901263,
        "min": 0.9999999999990905,
        "max": 12.999999999999545
      },
      "DE": {
        "p10": 28.00000000000864,
        "p25": 43.00000000000637,
        "p50": 61.000000000001364,
        "p75": 76.99999999999818,
        "p90": 94.00000000000546,
        "p99": 125.0,
        "mean": 61.50932568149236,
        "count": 18122,
        "min": 0.9999999999990905,
        "max": 177.99999999999727
      },
      "EBAY": {
        "p10": 1.999999999999602,
        "p25": 3.0000000000001137,
        "p50": 5.999999999998806,
        "p75": 7.9999999999998295,
        "p90": 10.999999999999943,
        "p99": 15.999999999999659,
        "mean": 6.180632954044712,
        "count": 38581,
        "min": 0.9999999999990905,
        "max": 31.000000000000227
      },
      "GILD": {
        "p10": 3.0000000000001137,
        "p25": 4.999999999998295,
        "p50": 6.999999999999318,
        "p75": 9.999999999999432,
        "p90": 12.999999999999545,
        "p99": 18.000000000000682,
        "mean": 7.578830374049769,
        "count": 36439,
        "min": 0.9999999999990905,
        "max": 25.99999999999909
      },
      "HAS": {
        "p10": 4.000000000000625,
        "p25": 7.000000000000739,
        "p50": 12.000000000000455,
        "p75": 17.00000000000017,
        "p90": 21.999999999999886,
        "p99": 29.999999999999716,
        "mean": 12.775166955231244,
        "count": 16172,
        "min": 0.9999999999990905,
        "max": 40.99999999999966
      },
      "JPM": {
        "p10": 4.000000000002046,
        "p25": 6.000000000000227,
        "p50": 9.99999999999659,
        "p75": 12.999999999999545,
        "p90": 16.999999999995907,
        "p99": 23.00000000000182,
        "mean": 10.152673956071396,
        "count": 104078,
        "min": 0.9999999999990905,
        "max": 34.00000000000318
      },
      "MSFT": {
        "p10": 1.999999999998181,
        "p25": 3.000000000002956,
        "p50": 4.9999999999954525,
        "p75": 6.000000000000227,
        "p90": 8.000000000004093,
        "p99": 12.000000000000455,
        "mean": 4.885121238935365,
        "count": 331123,
        "min": 0.9999999999990905,
        "max": 23.999999999995225
      },
      "RF": {
        "p10": 0.999999999999801,
        "p25": 0.999999999999801,
        "p50": 1.0000000000001563,
        "p75": 1.0000000000001563,
        "p90": 1.0000000000001563,
        "p99": 1.0000000000001563,
        "mean": 1.0011865191231604,
        "count": 237670,
        "min": 0.999999999999801,
        "max": 2.0000000000003126
      },
      "TGT": {
        "p10": 4.000000000000625,
        "p25": 6.000000000000227,
        "p50": 9.000000000000341,
        "p75": 11.999999999999034,
        "p90": 14.000000000000057,
        "p99": 19.000000000001194,
        "mean": 9.165593829737887,
        "count": 34488,
        "min": 0.9999999999990905,
        "max": 23.99999999999949
      },
      "XOM": {
        "p10": 1.0000000000019327,
        "p25": 2.000000000001023,
        "p50": 3.0000000000001137,
        "p75": 3.0000000000001137,
        "p90": 4.000000000002046,
        "p99": 6.000000000000227,
        "mean": 2.8069432703052866,
        "count": 448319,
        "min": 0.9999999999990905,
        "max": 12.000000000000455
      }
    },
    "relative_bps": {
      "p10": 0.768285187460887,
      "p25": 1.0810518634621664,
      "p50": 1.3022105023283677,
      "p75": 2.4747880962687647,
      "p90": 3.8963569062932253,
      "p99": 12.36348650319437,
      "mean": 2.1148094473380987,
      "count": 2166255,
      "min": 0.16514594773115737,
      "max": 45.91522481661869
    },
    "implausible_fraction": 0.0,
    "implausible_threshold_bps": 200.0,
    "implausible_note": "fraction of (already zero-size-filtered) quotes with relative spread over 200bps. A high fraction here, on liquid large-caps in a normal midday window, is a strong signal you're looking at raw per-venue quotes (a single exchange's own defensive/backup quote, not the true NBBO) rather than a consolidated NBBO table -- see PARAMETER_MAPPING.md's 'Known spread pitfall' section. This script cannot distinguish the two without a venue/exchange column, which isn't in the current schema."
  },
  "intraday_price_volatility": {
    "unit": "abs price change between consecutive trades, in ticks",
    "aggregate": {
      "p10": 0.0,
      "p25": 0.0,
      "p50": 0.0,
      "p75": 1.0400000000004184,
      "p90": 3.9600000000007185,
      "p99": 27.6800000000037,
      "mean": 1.8320473878451042,
      "count": 1417125,
      "min": 0.0,